{"abilene": {"x": -99.6819, "y": 32.41132}, "albuquerque": {"x": -106.60918999999998, "y": 35.04022}, "aberdeen": {"x": -98.42183, "y": 45.449059999999996}, "albany": {"x": -73.80298, "y": 42.74812}, "nantucket": {"x": -70.06018, "y": 41.25305}, "waco": {"x": -97.23052, "y": 31.611290000000004}, "arcata/eureka": {"x": -124.10862, "y": 40.978120000000004}, "atlantic city": {"x": -74.57717, "y": 39.45758}, "adak": {"x": -176.64603, "y": 51.877959999999995}, "kodiak": {"x": -152.49386, "y": 57.74997}, "alexandria": {"x": -92.54856, "y": 31.327370000000002}, "augusta": {"x": -81.9645, "y": 33.36996}, "king salmon": {"x": -156.64921999999999, "y": 58.6768}, "waterloo": {"x": -92.40034, "y": 42.55708}, "amarillo": {"x": -101.70593000000001, "y": 35.21937}, "anchorage": {"x": -149.99618999999998, "y": 61.174319999999994}, "alpena": {"x": -83.56029000000001, "y": 45.078070000000004}, "aspen": {"x": -106.86885, "y": 39.22316}, "atlanta": {"x": -84.42694, "y": 33.640440000000005}, "appleton": {"x": -88.51948, "y": 44.25741}, "austin": {"x": -97.66986999999999, "y": 30.19453}, "asheville": {"x": -82.54181, "y": 35.43619}, "wilkes-barre/scranton": {"x": -75.72426999999999, "y": 41.33815}, "kalamazoo": {"x": -85.55206, "y": 42.23488}, "windsor locks": {"x": -72.68323000000001, "y": 41.93887}, "bethel": {"x": -161.838, "y": 60.77978}, "bakersfield": {"x": -119.05677, "y": 35.4336}, "binghamton": {"x": -75.97961, "y": 42.20848}, "bangor": {"x": -68.82814, "y": 44.80744}, "birmingham": {"x": -86.75355, "y": 33.562940000000005}, "billings": {"x": -108.54286, "y": 45.80766}, "bismarck": {"x": -100.74672, "y": 46.77411}, "bemidji": {"x": -94.93372, "y": 47.50942}, "bellingham": {"x": -122.53753, "y": 48.79275}, "bloomington": {"x": -88.91595, "y": 40.477990000000005}, "nashville": {"x": -86.67818, "y": 36.12448}, "boise": {"x": -116.22278, "y": 43.564440000000005}, "boston": {"x": -71.00518000000001, "y": 42.36435}, "beaumont/port arthur": {"x": -94.02069, "y": 29.95083}, "brunswick": {"x": -81.46631, "y": 31.25903}, "aguadilla": {"x": -67.12944, "y": 18.49486}, "brainerd": {"x": -94.13723, "y": 46.397859999999994}, "brownsville": {"x": -97.42586, "y": 25.90683}, "barrow": {"x": -156.766, "y": 71.28545}, "butte": {"x": -112.49746, "y": 45.9548}, "baton rouge": {"x": -91.14963, "y": 30.53316}, "burlington": {"x": -73.15031, "y": 44.473}, "buffalo": {"x": -78.73217, "y": 42.94052}, "burbank": {"x": -118.3585, "y": 34.20062}, "baltimore": {"x": -76.6682, "y": 39.1754}, "bozeman": {"x": -111.15301000000001, "y": 45.7769}, "columbia": {"x": -92.21963000000001, "y": 38.818090000000005}, "akron": {"x": -81.44247, "y": 40.916309999999996}, "cedar city": {"x": -113.09858, "y": 37.70097}, "cordova": {"x": -145.47765, "y": 60.49183000000001}, "crescent city": {"x": -124.23653, "y": 41.780159999999995}, "chattanooga": {"x": -85.20379, "y": 35.035270000000004}, "charlottesville": {"x": -78.45286, "y": 38.13864}, "charleston": {"x": -81.59319, "y": 38.37315}, "cedar rapids": {"x": -91.71087, "y": 41.88459}, "sault ste. marie": {"x": -84.47239, "y": 46.25075}, "san diego": {"x": -117.18966, "y": 32.73356}, "cleveland": {"x": -81.8494, "y": 41.41089}, "college station": {"x": -96.36381999999999, "y": 30.588590000000003}, "charlotte": {"x": -80.94313000000001, "y": 35.214009999999995}, "columbus": {"x": -84.93885999999999, "y": 32.516329999999996}, "champaign/urbana": {"x": -88.27806, "y": 40.03925}, "hancock": {"x": -88.48906, "y": 47.168420000000005}, "moab": {"x": -109.75483999999999, "y": 38.75496}, "cody": {"x": -109.0238, "y": 44.52019}, "colorado springs": {"x": -104.70025, "y": 38.80581}, "casper": {"x": -106.46446999999999, "y": 42.908359999999995}, "corpus christi": {"x": -97.50121999999999, "y": 27.770359999999997}, "covington": {"x": -84.66216999999999, "y": 39.04614}, "mosinee": {"x": -89.66678, "y": 44.77762}, "daytona beach": {"x": -81.05806, "y": 29.179920000000003}, "dallas": {"x": -96.85177, "y": 32.84711}, "dayton": {"x": -84.21938, "y": 39.90238}, "dubuque": {"x": -90.70917, "y": 42.40296}, "arlington": {"x": -77.03772, "y": 38.85208}, "denver": {"x": -104.667, "y": 39.85841}, "dallas-fort worth": {"x": -97.0372, "y": 32.89595}, "dothan": {"x": -85.44963, "y": 31.321340000000003}, "dickinson": {"x": -102.80195, "y": 46.79739}, "dillingham": {"x": -158.50333999999998, "y": 59.04541}, "duluth": {"x": -92.19365, "y": 46.84209}, "durango": {"x": -107.75376999999999, "y": 37.15152}, "des moines": {"x": -93.66068, "y": 41.534929999999996}, "detroit": {"x": -83.34884, "y": 42.21206}, "devils lake": {"x": -98.90878000000001, "y": 48.11425}, "eau claire": {"x": -91.48507, "y": 44.86526}, "panama city": {"x": -79.516670, "y":8.983333}, "eagle": {"x": -106.9177, "y": 39.64257}, "elko": {"x": -115.7917, "y": 40.82493}, "elmira": {"x": -76.89144, "y": 42.159909999999996}, "el paso": {"x": -106.37781000000001, "y": 31.80667}, "erie": {"x": -80.17622, "y": 42.08202}, "escanaba": {"x": -87.09373000000001, "y": 45.72267}, "eugene": {"x": -123.21869, "y": 44.123259999999995}, "evansville": {"x": -87.53063, "y": 38.03799}, "new bern": {"x": -77.04294, "y": 35.07297}, "newark": {"x": -74.16866, "y": 40.6925}, "key west": {"x": -81.75956, "y": 24.55611}, "fairbanks": {"x": -147.85967, "y": 64.81368}, "fargo": {"x": -96.81499000000001, "y": 46.91935}, "fresno": {"x": -119.71813999999999, "y": 36.77619}, "fayetteville": {"x": -78.88, "y": 34.99147}, "kalispell": {"x": -114.25506999999999, "y": 48.3114}, "flagstaff": {"x": -111.67121999999999, "y": 35.13845}, "ft. lauderdale": {"x": -80.15275, "y": 26.07258}, "flint": {"x": -83.74346, "y": 42.9655}, "sioux falls": {"x": -96.7417, "y": 43.58135}, "fort smith": {"x": -94.36744, "y": 35.33659}, "fort wayne": {"x": -85.19515, "y": 40.97847}, "gillette": {"x": -105.53936000000002, "y": 44.3489}, "garden city": {"x": -100.72440999999999, "y": 37.92752}, "spokane": {"x": -117.53383999999998, "y": 47.619859999999996}, "grand forks": {"x": -97.17611, "y": 47.949259999999995}, "longview": {"x": -94.71171, "y": 32.384859999999996}, "grand junction": {"x": -108.52673, "y": 39.122409999999995}, "gainesville": {"x": -82.27178, "y": 29.69006}, "gulfport-biloxi": {"x": -89.07009000000001, "y": 30.40728}, "green bay": {"x": -88.12959000000001, "y": 44.48507}, "grand island": {"x": -98.30861, "y": 40.96747}, "killeen": {"x": -97.8278, "y": 31.0649}, "grand rapids": {"x": -85.52277, "y": 42.88082}, "greensboro": {"x": -79.9373, "y": 36.09775}, "greer": {"x": -82.21885999999999, "y": 34.89567}, "gustavus": {"x": -135.70738, "y": 58.424380000000006}, "great falls": {"x": -111.37069, "y": 47.482}, "columbus-starkville-west point": {"x": -88.59137, "y": 33.45033}, "gunnison": {"x": -106.93318000000001, "y": 38.53396}, "agana": {"x": -144.79598000000001, "y": 13.48345}, "hayden": {"x": -107.21766000000001, "y": 40.48118}, "hibbing": {"x": -92.83899, "y": 47.3866}, "helena": {"x": -111.98275, "y": 46.60682}, "honolulu": {"x": -157.92241, "y": 21.31869}, "hobbs": {"x": -103.21703000000001, "y": 32.687529999999995}, "houston": {"x": -95.33972, "y": 29.98047}, "white plains": {"x": -73.70756999999999, "y": 41.066959999999995}, "harlingen": {"x": -97.65439, "y": 26.228509999999996}, "huntsville": {"x": -86.77311, "y": 34.64045}, "hyannis": {"x": -70.28036, "y": 41.669340000000005}, "hays": {"x": -99.27403000000001, "y": 38.84494}, "chantilly": {"x": -77.45581, "y": 38.94453}, "niagara falls": {"x": -78.94538, "y": 43.10726}, "wichita": {"x": -97.43305, "y": 37.64996}, "idaho falls": {"x": -112.07016999999999, "y": 43.514559999999996}, "wilmington": {"x": -77.90256, "y": 34.27061}, "iron mountain/kingsford": {"x": -88.11454, "y": 45.81835}, "indianapolis": {"x": -86.29438, "y": 39.71733}, "international falls": {"x": -93.40307, "y": 48.56619}, "williston": {"x": -103.64235, "y": 48.17794}, "islip": {"x": -73.10021, "y": 40.79524}, "ithaca": {"x": -76.45844, "y": 42.49103}, "hilo": {"x": -155.04847, "y": 19.72026}, "jackson": {"x": -90.07589, "y": 32.311170000000004},